{"_id":"807102f6623acd470166fab8215ba6f5","content":"北京冬奥会已经结束，各国运动员在本届冬奥会上都展现了不错的实力，给我们留下了很多美好的记忆，俄罗斯女子花滑金牌选手安娜-谢尔巴科娃在个人社媒上发长文回顾了自己在北京冬奥会上的经历，感谢所有人照顾，并特别感谢中国粉丝的喜爱与支持，最后用中文“谢谢”表达对北京冬奥会的感激之情。 \\n 谢尔巴科娃写道：没有家人的支持我也做不到在北京冬奥会拿到金牌，特别要感谢我的妈妈，她把自己所有的时间全部花在了我平时训练与比赛之中，感谢教练组能够让我一直进步，感谢所有喜欢我的人，正因为他们的支持，我才有这一段美好的旅程，更要感谢中国粉丝，来到北京冬奥会，我惊讶地发现，原来这里有这么多人喜欢花滑比赛，他们每一个都很热情，对运动员充满了善意，千言万语只有两个字“谢谢”。谢尔巴科娃同时还晒出了自己的在奥运村的照片，并向所有人展示了自己获得的金牌以及北京冬奥会为每位获奖选手特别定制的金墩墩。目前这条消息获得了多达19万以上的点赞，而且谢尔巴科娃最后一句用中文说得谢谢，更是让很多中国粉丝感动，能够得到各国冠军的认可，是我们的骄傲，很多网友纷纷表示：谢尔巴科娃真的太棒了，为她的致谢而感动，更为她为大家带来的精彩比赛而动容，希望在未来，她能够与粉丝开一个见面会，一起聊一下北京冬奥会的所见所闻所感，让所有人能够记住她的名字。","id":1.0,"poster":"https://inews.gtimg.com/newsapp_bt/0/14567930479/1000","title":"发长文＋中文说谢谢！千金致敬北京冬奥会，网友：中俄友谊长存","add_date":"2022/02/22"}
{"_id":"82afc00a623ad42e01009f681e17e12f","content":"　　中新网客户端北京2月20日电(卞立群)20日，北京冬奥会迎来闭幕日。点亮花灯、中国结、“折柳寄情”等极具中国特色的元素，运动员们在《欢乐颂》欢快的旋律中“花式入场”……在北京冬奥会闭幕式上，有太多的亮点值得回味。\\n 作为中国传中年俗，“闹花灯”出现在闭幕式开场环节。闭幕式举办日期为正月二十，正值元宵佳节之后。孩子们手提以雪花为造型的花灯十分应景，同时也展现了中国特色，延续了开幕式的核心视觉符号。\\n  在闭幕式运动员入场环节，现场天上地下都由巨大的中国结线条包裹，寓意满满，既表达了中国与世界的连接，也寄托着全世界在一起、“更团结”的奥林匹克精神。  　　传统的“中国结”图案，其实在开幕式就已经出现过。在运动员们欢聚的闭幕式上，中国结进一步被放大。“中国结”由数字AR技术生成，以超高的精细度形成仿真的视觉效果，就像一个巨大的实体装置挂在鸟巢上空，这也再一次展现了科技感。","id":2.0,"poster":"https://i2.chinanews.com.cn/simg/cmshd/2022/02/20/65ca33d565f544668e0457439b8e5790.jpg","title":"精彩永不落幕！北京冬奥闭幕式这些亮点值得回味","add_date":"2022/02/20"}
{"_id":"82afc00a623ad5060100db1538819aa9","add_date":"2022/02/28","content":"近日，冬奥会结束后我国速度滑冰主帅和前中国女排主帅郎平进行了直播连线互动，说起来李琰和郎平是认识十多年的好朋友，两人经常互动小礼品做纪念，这次冬奥会李琰还特地排队去买了冰墩墩，并且准备给冠军名将们签名后送给郎平，不得不说两人的感情是真好呢！\\n  郎平教练是我国女排队的功勋人物，自从郎平接管中国女排后就带领我国女排姑娘们在各个赛事中实现了突破，并且多次登上最高领奖台，所以说郎导真的是带我国女排走向了一个又一个辉煌，不过目前郎平已经退休了，所以她也前往了美国的家中陪伴女儿，近期在美国生活的她也过得很是惬意，前不久还被网友拍到和朋友逛街买衣服。\\n  赋闲在家的她也和李琰跨国连线交流了，李琰是我国速度滑冰的主教练，这次冬奥会李琰的爱徒高亭宇破纪录摘金，李琰也终于得偿所愿。一个是女排名教，一个是滑冰名教，两人的这次连线真的是传奇连线呢，从图片可以看出郎导最近状态真不错，她还花了小淡妆出镜，做了新的造型看起来十分有气质，而李琰教练也花了妆，两位好姐妹相见气氛极为融洽。\\n","id":3.0,"poster":"https://inews.gtimg.com/newsapp_bt/0/14548132016/1000","title":"姐妹情深！短道速滑名帅帮郎平买冰墩墩，特意请冠军们签名后相赠"}
