{
	"description": "项目配置文件，详见文档：https://developers.weixin.qq.com/miniprogram/dev/devtools/projectconfig.html",
	"packOptions": {
		"ignore": [],
		"include": []
	},
	"setting": {
		"urlCheck": true,
		"scopeDataCheck": false,
		"coverView": true,
		"es6": true,
		"postcss": true,
		"compileHotReLoad": false,
		"preloadBackgroundData": false,
		"minified": true,
		"autoAudits": false,
		"newFeature": false,
		"uglifyFileName": false,
		"uploadWithSourceMap": true,
		"useIsolateContext": true,
		"nodeModules": false,
		"enhance": true,
		"useCompilerModule": false,
		"userConfirmedUseCompilerModuleSwitch": false,
		"showShadowRootInWxmlPanel": true,
		"checkInvalidKey": true,
		"checkSiteMap": true,
		"lazyloadPlaceholderEnable": false,
		"useMultiFrameRuntime": true,
		"useApiHook": true,
		"useApiHostProcess": true,
		"babelSetting": {
			"ignore": [],
			"disablePlugins": [],
			"outputPath": ""
		},
		"userConfirmedBundleSwitch": false,
		"packNpmManually": false,
		"packNpmRelationList": [],
		"minifyWXSS": true,
		"disableUseStrict": false,
		"minifyWXML": true,
		"showES6CompileOption": false,
		"useCompilerPlugins": false,
		"ignoreUploadUnusedFiles": true,
		"useStaticServer": true
	},
	"compileType": "miniprogram",
	"libVersion": "2.23.2",
	"appid": "wxf15792a5792ad2a2",
	"projectname": "miniprogram",
	"editorSetting": {
		"tabIndent": "insertSpaces",
		"tabSize": 4
	},
	"simulatorType": "wechat",
	"simulatorPluginLibVersion": {},
	"condition": {}
}