{
    "miniprogramRoot": "miniprogram/",
    "cloudfunctionRoot": "cloudfunctions/",
    "setting": {
        "urlCheck": true,
        "es6": true,
        "enhance": true,
        "postcss": true,
        "preloadBackgroundData": false,
        "minified": true,
        "newFeature": true,
        "coverView": true,
        "nodeModules": false,
        "autoAudits": false,
        "showShadowRootInWxmlPanel": true,
        "scopeDataCheck": false,
        "uglifyFileName": false,
        "checkInvalidKey": true,
        "checkSiteMap": true,
        "uploadWithSourceMap": true,
        "compileHotReLoad": false,
        "lazyloadPlaceholderEnable": false,
        "useMultiFrameRuntime": true,
        "useApiHook": true,
        "useApiHostProcess": true,
        "babelSetting": {
            "ignore": [],
            "disablePlugins": [],
            "outputPath": ""
        },
        "useIsolateContext": true,
        "userConfirmedBundleSwitch": false,
        "packNpmManually": false,
        "packNpmRelationList": [],
        "minifyWXSS": true,
        "disableUseStrict": false,
        "minifyWXML": true,
        "showES6CompileOption": false,
        "useCompilerPlugins": false,
        "ignoreUploadUnusedFiles": true,
        "useStaticServer": true
    },
    "appid": "wxf15792a5792ad2a2",
    "projectname": "Software-Engineering-Homework-main",
    "libVersion": "2.14.1",
    "simulatorType": "wechat",
    "simulatorPluginLibVersion": {},
    "condition": {
        "miniprogram": {
            "list": [
                {
                    "name": "db guide",
                    "pathName": "pages/databaseGuide/databaseGuide",
                    "query": ""
                }
            ]
        }
    },
    "compileType": "miniprogram",
    "srcMiniprogramRoot": "miniprogram/",
    "packOptions": {
        "ignore": [],
        "include": []
    },
    "editorSetting": {
        "tabIndent": "insertSpaces",
        "tabSize": 4
    },
    "description": "项目配置文件，详见文档：https://developers.weixin.qq.com/miniprogram/dev/devtools/projectconfig.html"
}